{"cameraMode":{"drawMode":0,"name":"Shaded","section":"Shading Mode"},"sceneLighting":false,"audioPlay":false,"sceneViewState":{"m_AlwaysRefresh":false,"showFog":true,"showSkybox":true,"showFlares":true,"showImageEffects":true,"showParticleSystems":true,"showVisualEffectGraphs":true,"m_FxEnabled":true},"in2DMode":false,"pivot":{"x":9.791997909545899,"y":2.6428604125976564,"z":4.389394283294678},"rotation":{"x":0.15210196375846864,"y":-0.7683551907539368,"z":0.19834347069263459,"w":0.5893295407295227},"size":10.178220748901368,"orthographic":false}